Title,Price,OriginalPrice,Url,PriceDecimal,OriginalPriceDecimal,DiscountPercent,BatchGroup
"Smartphone Jovi Y29 256gb, 8+8gb Ram Turbo, Câmera 50mp, Snapdragon 685, Bateria 6500mah, Carregamento 44w - Marrom",1.876,1.876,https://click1.mercadolivre.com.br/mclics/clicks/external/MLB/count?a=bX5fqN5j%2FGIowOGfO1DIDBYWZpngfnvIMUxZYUN24RkP0ZB1f7WZL71%2BL8ojRY8VZskC3g91%2FLgkx4L%2FP0jpRcu7P2PnT6sG9swPV7OSqymMT2te%2B%2FMP87EuZQwMcOaa3N90kid8KPPz5gHw8jvyyfL48f%2BwSbyYGpPi5xXcyQBjl4avXxKuAGeWVEYqwGSzOPl%2B2J%2FVvP2KtfyYHhT8oFVWEgX3jmMauBnGO0a%2Fo5Q05xvWwZNejKTMx0RK2ySFuGOekvZMOzoB%2Fzx4ypjWD2oJQVs5u1U%2FzQm%2BKNcjWdL7ZaQ2UiNZTQjK08%2BA4RYN6Y6yuIJIH1CN5J7SiynfLTh7FPHmia6PeTMCqSvkA5LD6xiiP2fe1pTWnk8pvguQZvJ%2BFqP9hvpJ4QNUkhpFFbYQf0HjNJvoZtW4REhadsy4rxadNW6VF415MbPTLFReCIkBVryC9dYQwSBtU7I%2F7yQ8u3CD8V10aosnxZy6JQYp6Q6r7OfA9UCKsVQWcsO0cJPX46CGeaQ3RvtwTbGB4ija9Uyfl5Y0FMfnOZ8qlyGMCTv829BJu7jgxVhHY2qt2IbXidxmY1vHpJnq5JcY54RNit2eewR%2Ff6z%2B3tzshIrwsFZ9x4lUSVQAt2DjFOOMZHzE57zukHv4yiR79pGLwu7p49NZKhIjytHfWHERruwwokyx2xojKK0iXxHA40GvfleiPQgMVWxaPPayZba9PrMbgK2zIpbAEAJnYkHOA%2BMNWbkyG0D10eeTwOj4MX15yvfDfBUADJeN1C7eubMfrjVgdY0L6BWWMTxA4rx0YQ2ZJ54gWqKUuGRYT%2FTL4gBTRWO1Jayf1qU4wcjB8eUXXJUp16v445ZXOCbjOUPHAo9BEGi7G0p1AmkUci7Oe9cREcfcJ2a3iyy1Mp8yPTmQMcAiDuNgqdbAaohc5OHog6cdwFxfZZsYWfOJhbwObO948dcEgD2Wz361US1PNnu5yOL1%2F1LT9ur0ONoXg5fvEULd%2FtREaUkUdrvubpnGYSoknYB3l798QZa4UYCLT%2BfxabGr4Bze&pdp_filters=item_id%3AMLB4445113203#polycard_client=search-desktop&is_advertising=true&searchVariation=MLB52108988&backend_model=search-backend&be_origin=backend&search_layout=grid&position=1&type=pad&tracking_id=9ff11d74-00ca-4b43-8637-7ab935cee77b&wid=MLB4445113203&sid=search,0,0,0,0
"Celular Samsung Galaxy A26 5g 256gb, 8gb Ram, Câmera De 50mp, Ip67, Tela Super Amoled 6.7 , Nfc - Preto",2.167,2.167,https://click1.mercadolivre.com.br/mclics/clicks/external/MLB/count?a=m9Fy24ObEnyxeE6JQDvKiHWXfOU%2Fh6Kvdf8Uqd3dIg%2BC02Uz%2FRo1n8%2FE9AYgp6o2EudCOcQCJgkvCyFz62Sp62WJY9jUMM00ypJdqDSpRmGrBuLlbbMPSGbDy6RCzk5rm%2FR1Uu82AdhKGelZBlrWvW%2Fl72KBJZitNyLqUIJCWkrMjiM%2FWIhzOftgd8mQuGuTmvT1CDqdWIwDEEKU2UO8sv1rEWBAfRnlhnRCdYHsOrwcL233%2F1QL1%2B1UzKcsqH6nuE%2BNvik%2FZW5XYdfSuP8AMvdgoF7D9lf8frKQhUI1rFDDGL%2BIe5xOARqg5S6HPcZv%2BpP3NiePkvc7%2BLySCYwLoVOnDUjkiSrWcaYrS8zEGJFtcmYImWRYwnAZodOkM5ZEIIgt%2BR%2FvadkvAwn3rlqrv3ipKayg4xOQCu5S3MOEfyDMA2kxDZWett3bLiAcgYiP7%2FI3kq4mi4ZyQX1Gd7ijOYxZQJhrQ0Div4VO4JvSpSIQg70ZrlSh4cwvk9yc6WTHD0esRrgiI70L2gCQ68IqIhMaCSa0Z2JwZOmjKon6Jn3dR%2FQiwWhTaq%2FXb8j9p555y5bk2l9QO3F1HLnGTj4Z7yKKScDh0AR6LrcGCY31MLzW0qMp85%2Bh458hQycu%2BmFQV6RDaSpEHyhfKR%2BipbqVOlxuGBFWAt7wMpyLvN2K72xvebAHcckdxLpinMi2oMVPSEEqoaZPrxDCoGbLso34wAE7jDh7OEQ6E8wlhMI6wx9wDXl%2FEli6qywWbGcg%2Bi2ISd0hizzawBSVnrT6AqZQx5I1utnMkn9%2FknmahlVSxBaMPVRG7tziHaRoJVcV9tOK3DnkYwsiUHr9s5tfZ36dRb0mESUqkRFp%2FnAkcDXt11ij2nag4wmoi5u3qAZJqGknzclJwYyCzPTn8dslHBaxy4fHm%2BbWfRrC2Q62cPoRZOBqeomjkNcJOuJ7IakyWrcCv5CuSZLgRNuiXEaNDLxmYBLVCEZf4J5KDpxft3m%2FJBiNF8NmhHRKeabi2uTw%2FJML20kLAZ9DnA%3D%3D&pdp_filters=item_id%3AMLB5474927460#polycard_client=search-desktop&is_advertising=true&searchVariation=MLB47424244&backend_model=search-backend&be_origin=backend&search_layout=grid&position=2&type=pad&tracking_id=9ff11d74-00ca-4b43-8637-7ab935cee77b&wid=MLB5474927460&sid=search,0,0,0,0
"Tcl Smartphone 60 Se 4g, Octa Core, 512gb 18gb Ram (8+10), 6.7 Hd+ 90hz, Nfc, Dual Sim, 50mp",1.349,1.349,https://click1.mercadolivre.com.br/mclics/clicks/external/MLB/count?a=3dvvTAzp%2FBbnk7XUcSxbaWUp7aUvYXsQpfm187awF6cfLXgLuSh6QPL5i%2B89b6p8THjfB2JeL1oTpVX%2BouCHBi2JqabLVpaOGISInnau109fDr59jK9znxk96HcXQ%2F2KEdsQjOeBL9dpvdSWvoaJWrHYfkxxw5%2Blv3fdW9UiidMtRHydOtFxs79L38A7%2F5qJ210baUeeClH%2B9UgJS1IKKIGNNHSxGBjRRxt%2FX%2BrXADB2KYONGRrP6el1Lbb2VJGmxer7fRI014%2FYq2IoziMkHwTX3wR15qGfuZEyOPwjCZbdjYTegGu1XJPgouvyvvcD8q%2BXiJs6UvoZdYYGFOMhU86yjEIzqYMWe5KvrO7wvx2l%2FsFpSoRZTuMC9oXgDcxz48gL%2F8Fssazje1pQfttoySiOagd2grB8gIp9pY4QTbXP%2BYcYGECVY8BY2%2ByYufLo0HIwVrtpiik%2FhChwokDxFRtKa2jngHIEDvRwa4WoJrTDw0zGi0ra25Mp3b%2B5j5oYPxjO0YafxvVxzjN1HGaQxgo5tZiXKl9K5%2BnotXavls03WqaPt5oP%2Foo1cSLy7nBT9Tj%2FL%2B6cJ1MIgxBOfEnUqNBuD4MjI%2F9vI%2B%2BAxNymUFLlBU6nTYTxE%2Bu237Li1rgmKtiuiB7B%2FkCK3ofqAiPqvsMEtVQwDCwwX05kd2pbdYnVZ6cBZJwZ8LEeZHSN6gS98Ur7V9htab9gIl5Hj5CzcG7llvL4tI3wPHMMgWYDX%2F6sQCkshqVgaSjaRU6kAm7gKvGHRHaUa%2BumOJYSCjF1fsm%2BSPVVkXDIww3MZ%2BJMQUdZ0OzsM1wKRrmj9uAVm0Ey3nUc1u%2FVnL3EiPtd1Fw1Lpif0S%2BcTjsk0FzsziK2vd5MdMT7xthQnIbCFo4ZHF6C6OML7rS%2FrAu25esD6BbHJUB1MFwt2D8BgHjMvn6IsfSEDPcaq9rdecL5g0EcwBmdbphV7CaFFUrME8aP1lj6DPMlEoOz3TU0qhSeIGGmT2P42myQmr71HXpCHis%3D&pdp_filters=item_id%3AMLB5575167724#polycard_client=search-desktop&is_advertising=true&searchVariation=MLB53171876&backend_model=search-backend&be_origin=backend&search_layout=grid&position=3&type=pad&tracking_id=9ff11d74-00ca-4b43-8637-7ab935cee77b&wid=MLB5575167724&sid=search,0,0,0,0
iPhone 16e (128 GB) - Preto - Distribuidor Autorizado,5.799,5.799,https://click1.mercadolivre.com.br/mclics/clicks/external/MLB/count?a=BfW9RgPUs%2Fjz0zxJcrbwJhaGvp%2BFZv0xqb0uhBdvVLgaVaJU9E7kFrOoBbsDpaG6AB6RbiLECa5ASd%2Bc8sykaHU8wV191hQDsAudFyJmpkibA8tZ%2Ba%2FOy5qKaM05pa%2B9pR%2FRMkfymIapS77NNhuD2gWCYtpiwJdJFZ25aWqVGolYR0C7YEbRiAvR%2Fbx17%2BoO%2FqDx5MHltn5o9Nmo%2BMPUjU7ADmv%2BQZwLSARPMRK5SC8OjbNb14WhS7zbR07nqiK0MZH4gXnQa1yVORezOSw%2F1aXOJ%2BQ8P6d1uSdSTFPUnEhP4C3VJcjW6bZo%2B5V1gIRHlVoysa7hsFIrAcrnHM%2BQRrnSUlXJM%2BPTPh08w0605LqN9CHaSQTMN3sY0ZNgFx2r0s4tYY88hLU4q9VQZCuAkiEgr%2FBu%2BStcVio4d4jueYQxrsNSTxUpDqnrdLZZPBLQI39SovH%2FLLUCmtbNWe1RC%2Fkhub%2FOxum37g5UxOAMzimlxBEH8pcyYFTCKbZNWoupTUVmck%2FFB3%2FgdthHW2715ZMZSsGtPy%2FZA%2BjaHEmxm2Sjh45YCeYC3Dj78axQRog%2BOpTYRIqXNcYe2CjJXqw28Gf5tuCSYKwgStP64dBZ%2ByWCgaJOJRu5TUlUfFZmJexLBpREDcqCxWmjZGPoBJhX7pLL6DIdJR7TeDT78YXK3CJrwQBcT7WWCRmB25ZyJCZc%2F5THBh6KgImCzENY%2FbgohG%2FOxpCNNe8VNNqhaqFidUQujOIaji5I96o4oz%2BFc0t%2BnqRqQ16QbDiz2vhWzl%2Fw2bMMXUnyqyP%2Brjn4o%2BtSOwUxlq9bWdDtRnRoc8wuEU3tcm0diDHH92ojZgGQcezf703w455MflDYJU8lK%2BfLJc5Fn56BP9LhmhrV9teT4YWAlg%2FqWotqdzuDLKRcQ8qcJKzsHOEstR9AGg209XumzDZvG1gmbZszFDDluRPXo0r%2BdHEiRjZpLYFYvJJbTdc%3D&pdp_filters=item_id%3AMLB3986439067#polycard_client=search-desktop&is_advertising=true&searchVariation=MLB1046215784&backend_model=search-backend&be_origin=backend&search_layout=grid&position=4&type=pad&tracking_id=9ff11d74-00ca-4b43-8637-7ab935cee77b&wid=MLB3986439067&sid=search,0,0,0,0
"Celular Samsung Galaxy A17 5g Com Ia, 128gb, 4gb Ram, Câm De 50mp, Tela De 6.7 , Nfc, Ip54 - Preto",1.855,1.855,https://www.mercadolivre.com.br/celular-samsung-galaxy-a17-5g-com-ia-128gb-4gb-ram-cm-de-50mp-tela-de-67-nfc-ip54-preto/p/MLB55027309#polycard_client=search-desktop&be_origin=backend&search_layout=grid&position=5&type=product&tracking_id=9ff11d74-00ca-4b43-8637-7ab935cee77b&wid=MLB6645612202&sid=search,0,0,0,0
Celular Samsung Galaxy A07 256gb 8gb Câmera 50mp Verde,1.142,1.142,https://www.mercadolivre.com.br/celular-samsung-galaxy-a07-256gb-8gb-cmera-50mp-verde/p/MLB54963045#polycard_client=search-desktop&be_origin=backend&search_layout=grid&position=6&type=product&tracking_id=9ff11d74-00ca-4b43-8637-7ab935cee77b&wid=MLB6645484344&sid=search,0,0,0,0
Telefone Celular Para Idosos Positivo P38 3g Cor Preto,231,231,https://www.mercadolivre.com.br/telefone-celular-para-idosos-positivo-p38-3g-cor-preto/p/MLB47309552#polycard_client=search-desktop&be_origin=backend&search_layout=grid&position=7&type=product&tracking_id=9ff11d74-00ca-4b43-8637-7ab935cee77b&wid=MLB4570360953&sid=search,0,0,0,0
Smartphone Samsung Galaxy A36 5g 128gb 6gb Ram Câmera Tripla De Até 50mp Selfie De 12mp Ip67 Super Amoled 6.7'' Nfc Recursos Ai Android E Segurança Snapdragon - Preto,2.815,2.815,https://www.mercadolivre.com.br/smartphone-samsung-galaxy-a36-5g-128gb-6gb-ram-cmera-tripla-de-ate-50mp-selfie-de-12mp-ip67-super-amoled-67-nfc-recursos-ai-android-e-seguranca-snapdragon-preto/p/MLB47115842#polycard_client=search-desktop&be_origin=backend&search_layout=grid&position=8&type=product&tracking_id=9ff11d74-00ca-4b43-8637-7ab935cee77b&wid=MLB6410679768&sid=search,0,0,0,0
Smartphone Samsung Galaxy A36 5G 256GB 8GB RAM,3.299,3.299,https://www.mercadolivre.com.br/smartphone-samsung-galaxy-a36-5g-256gb-8gb-ram/p/MLB47111905#polycard_client=search-desktop&be_origin=backend&search_layout=grid&position=9&type=product&tracking_id=9ff11d74-00ca-4b43-8637-7ab935cee77b&wid=MLB5317478858&sid=search,0,0,0,0
Celular Samsung Galaxy A56 5g 256gb 8gb Ram Cinza,3.699,3.699,https://www.mercadolivre.com.br/celular-samsung-galaxy-a56-5g-256gb-8gb-ram-cinza/p/MLB47114363#polycard_client=search-desktop&be_origin=backend&search_layout=grid&position=10&type=product&tracking_id=9ff11d74-00ca-4b43-8637-7ab935cee77b&wid=MLB5317821714&sid=search,0,0,0,0
Moto G15 Dual Sim 4gb Ram 128gb Azul Marino,1.099,1.099,https://www.mercadolivre.com.br/moto-g15-dual-sim-4gb-ram-128gb-azul-marino/p/MLB46056608#polycard_client=search-desktop&be_origin=backend&search_layout=grid&position=11&type=product&tracking_id=9ff11d74-00ca-4b43-8637-7ab935cee77b&wid=MLB3975530813&sid=search,0,0,0,0
"Celular Samsung Galaxy A17 Com Ia, 128gb, 4gb Ram, Câm De 50mp, Tela De 6.7 , Nfc, Ip54 - Cinza",1.499,1.499,https://www.mercadolivre.com.br/celular-samsung-galaxy-a17-com-ia-128gb-4gb-ram-cm-de-50mp-tela-de-67-nfc-ip54-cinza/p/MLB55044657#polycard_client=search-desktop&be_origin=backend&search_layout=grid&position=12&type=product&tracking_id=9ff11d74-00ca-4b43-8637-7ab935cee77b&wid=MLB4582643419&sid=search,0,0,0,0
"Smartphone OPPO A6t 128gb, 12gb Ram (4gb + 8gb Virtual Ram), Bateria Gigante de 6500mAh, Processador Snapdragon, Tela 120Hz, AI Câmera, IP64 - Violeta",1.299,1.299,https://click1.mercadolivre.com.br/mclics/clicks/external/MLB/count?a=fTsyRo7ZLOchnz1GtjHGLPshXie5E%2FsVuvrur0f7xW9SaibXmBzixmQcfVKCzvWb11Ybj%2FR5bvsUnqBw0Ni18EF2Fv1K0ZTUvjea%2BBUYvxux1VaoWjqgrkv1oUdIslfDczdonvPQgv3AwXcXFp2zzwIWIrirnpEP12Tfs42BfOmNvqVAhlYYMb2rgCPyyHbugq0ZS%2BNN9%2Fwt0Eb5dFfAN79DzCpgphNjHKn3II9SEBMkLucTuXoiBQFhj3eu7xPHMnX3RpZ0het9XSOsNctEAPP9d%2BQYiXV8mfvJ2QURtJGG26uHzxQHJCTIv0PXXZQthmo2tC3vDqTqqLKkMuWTkpX%2BgoOdScsrCIqb3ZxRYjAPYKYekt1rZN6DiRVA0xev%2BqN%2B6oZ%2Bafks1M0t96u6kN9ysBdC3%2F4txHZIkPlY2z7byFniW03bDAWa4oxX%2FiVu8KYxcP2eWi4QPPz2rdillUGliD42495EGVI9emf1fCrbi7rnis7STYNDluj1%2BMXm13kqgCJI9Mdb3LOiMNU4UYRs1NIhGkzq9sgIePiMe1Ed4d%2BS012AsYeO8sR8N9OCwxxrpcfDoVvsktcY5H%2BsgZSvRveDQpRbSHSnVV2HcN0lA6dRthM37uxMAybnTOiFJ5vh72qqw0FBv0MsXmVfQJU%2BbN1YfJNpmiPhNmXqGTnW8%2BMDasmXu1pLqhIQWKNlW%2BxUljhL1%2Bns84GUCyPvx%2BIuuAycu7XQhgiENgDxDVaMwB3DMgyHynIn%2FlNbxXLKg5vFnAubCVBjdcDrn1rRd5OE%2BBcvYZbJ0l%2FeBTduuB9ORZFjKxzrCNsd61OEWcRsFZDNd4oealj5wRw8Q00LLijT3nwNmHF0uS9WveWAKeGjmpSbBSm3YHy4sdbkJn26EAPd6OO5VPNHCx9RxIjhKpEuhdlJsxuLSRwyfb85sksq%2F2Xq43BHRurnkh4ijeehvBEh2AQyeQ%2BMTuchJqmHvJCH%2F94g1CD7VZe%2FrL6xv6m%2F7iGTuEv2ZrUvt9HASk1piBXlFZV%2BWkorvk%2B06rsV%2BesH1mJQU4WDqN9csyEUOzW7S9NDWjww%2BGC3d4a9Of%2FMgBw%2FCThLRg%3D%3D&pdp_filters=item_id%3AMLB4573343865#polycard_client=search-desktop&is_advertising=true&searchVariation=MLB66130734&backend_model=search-backend&be_origin=backend&search_layout=grid&position=13&type=pad&tracking_id=9ff11d74-00ca-4b43-8637-7ab935cee77b&wid=MLB4573343865&sid=search,0,0,0,0
Samsung Galaxy A06 5g Dual Sim 128gb preto,989,989,https://click1.mercadolivre.com.br/mclics/clicks/external/MLB/count?a=qEnyPrTdBwu%2Bx1%2Bh4g6DNBILbfbIdwZgknOOZp6w3n%2BVVvdg89M9tqN5XwtOrehw8feDhPsmwtoXypaB5huUrhLRSm668fAT8kHKqHTwnniiWm%2F2wMjYU34lsuCIPkyhBqtbw%2BaZrFX3u7Xl47ZyK%2Fv%2BBAfMvLN6Tbx%2FRDhrkpsRqtI8ElaGk0js%2FaQsC3%2B6no%2BKSMAqMIAIwTjlOfSf3%2BSmVVHPvX3uVsBj3kF9oDEA50swnPnSM1aaHFoYrxAN00TgA%2BCYiWQnYFKiblgRMS0Px5JGwD%2FzV%2B%2FE%2FEhLs8Sx6vvgJIMGKAIJqneoUmRsT2wO6SGQrm04yRsCTqmnKLsPNGj9%2FmlEnupeJRE9BO9Ip7BjY%2FK3kcISMj0NBeZJRGRKIeWz3WqLRQz%2FfcvPrel195fb7aZ%2Bf%2BKhfB5wFfbuua6nBYYm4r88l54PFENrZwGclfVMpbkcxKgtfwCkOcLhoc%2BfzUbgQrgpfbJg751f1jpBPub3Fsov8eX09bZeMh2eyo4qPZojaXt8b%2BefhRq%2BBtP9HSjCVhsU5IJPnW7az46YMimXAYOR7ZTkmNihISxQVji5BEmfLdKfSENIZHhBpH3R9%2B4zchyKc2PDK19txBj1i1izIFJgvMcVfbHb7d8oY1KZp5wlJ%2F65tiaWfVQekG9TMvteIijHsOEHyQ6tbhbBPETb3VzazHuFH2nJMSs4oFbL2viGFHMspqgrOA%2FHYC5J%2BHRfJKTp35lW%2F43RpEnjTkD%2BxvlbyhNeRXmTaLohGb5kZ5PPL%2FAfRizkJDcFB%2FTG6T57gcFAlN0fjUyqiJaQIqf9A1nRi2Jg3Vt3nXaLNwgTgJPwcVOI88M6JpNHtJ45H%2FCz%2BIh6H67CoKpaVHO2Bx8eW0r7BTrmN84wnozvAUf039Wzjz%2F4s%2FSNkxiEr4ors691Xx0D4CU4WqgLXx%2FgXs4KsuXXAXzG2ywMC9F73u7qFU8%3D&pdp_filters=item_id%3AMLB6433836010#polycard_client=search-desktop&is_advertising=true&searchVariation=MLB48946861&backend_model=search-backend&be_origin=backend&search_layout=grid&position=14&type=pad&tracking_id=9ff11d74-00ca-4b43-8637-7ab935cee77b&wid=MLB6433836010&sid=search,0,0,0,0
Apple iPhone 16 (256 GB) - Branco - Distribuidor Autorizado,8.599,8.599,https://click1.mercadolivre.com.br/mclics/clicks/external/MLB/count?a=N%2F%2Fn6rHCTKd94o6d1sYzMSp%2FXZaQ1KpZOww%2Fzh4w1E5ugwcwWxcD3yjnOGV3dQ%2BwN8wVGtPJpilmlm1VTiflAtdYPyW3Ij%2FgeoiJcK6yZrWq0x2LqfLIyQSQRmW57J4NLNNpHqREGP5jenX9GYFBBJKo96gzZ5bypQ7OKNB8ls8mgEuNqNpc4IrIDisz2kePQhbP5ASyMpApUi8xovm3%2B88iZ5s7JSjnbBdWmvEBfJ5THcfCjXfMarXwmgW6kK1yQNwi9czOmEaJNOhRDQ25aMYdqALS5ZVDINFWEyQS99D%2F6YOvMTceBgh%2F5gRnHdUZfkMmouE9mFNw7vaHQxAKE%2FR7AhbU5ySoYmCr%2FcUPTGMW1DuBg%2BY2G0q9L%2FJIIdST0EoZS%2BFHsvtNzavZekGzpeYwe63KbytEVrQaoww8LPLAss%2FSfrJxmGHsYwaFdRiUlEnFPozeQZ6gGzVFeEPUbrXZTgXhtAG%2BosIaeLdbe5FkG2aNLo7ieVJ1XyOTquwQ2XztA7SeDqrqt14M1t01t3uY6yE9namtilpIY7x6JMaf%2Fdzg%2BhN76tSqQjMhNBBZEyRVmP9zSot%2B%2FKNnbimKY5%2Bk7GItC4FNZmZn%2Be9xN5M2CJARx%2ByvXDHKojlBZR7opgaXWdfQ%2FQX8cWwy47mZHvIAvExlrHU9x6Db4R9hS87KqxYK4P72%2Bm9JIgNUGXeovwkDil%2FBI1UdIzRrlXYsRboYfIv7MSKkgb6s5lXyEmgASH5w7x3%2F7gUMo6y7eKq8%2BvReBTr2gUaAnsO6ZUwKT%2BIbVo%2Fd6nDFb%2FCOuY6f%2FJcgBU%2BwBGaywtdZCgI5jffFG8Cewyn%2FhCFR5EiOlDYHVsuPZsjc87wtCs6fELiCF6RcBCrpMYFTjWLthA3RgoT%2F5AoU3oww7AUOrGUYKxYeUr6f68q4JyOrVTBleqlQUXNtR3TlKX6K0BqCNOkceT60xtQlMJxSms3IL5UlTqINXwLcJ50e&pdp_filters=item_id%3AMLB3931247749#polycard_client=search-desktop&is_advertising=true&searchVariation=MLB1040287811&backend_model=search-backend&be_origin=backend&search_layout=grid&position=15&type=pad&tracking_id=9ff11d74-00ca-4b43-8637-7ab935cee77b&wid=MLB3931247749&sid=search,0,0,0,0
"Smartphone Jovi Y19s 256gb, 4+4gb Ram Turbo, Câmera 50mp, Bateria 5500mah, Carregamento 15w, Tela 90hz - Preto Safira",1.499,1.499,https://click1.mercadolivre.com.br/mclics/clicks/external/MLB/count?a=7SvpPuMvtCp%2B3i1zGQU5mhX8iMw2Q%2F5p8e1Z8wU8osH%2BBQCyLk0b%2B4Z8Eht3EH1YmPR3vSDCnkMO9DMuET5qiTFQNhL5ZENGQvJXt9VqhkG2UB2fdzk11VB53rTxtLLGuR%2BPXrPRmKPxR1nAjZQLFuaqrWiOZFjELXi73R5CbWbGylun%2BokDz1gaLSnEqDFZ6m%2BDUE7k4N7jrPYQPLwTfAcnQFbfGIntHldEn%2FzXJj%2FDWSvqQT74fEmLB%2F%2FI7zM8YdHQBBvhIlFhV2i%2BOkEa0qOah2UYpbKKE5lykGdTwsory2OGfegTN73U8cFNWwXwbl1VNw%2BMIsE%2FEKS7lvKZ3tuOPI8oPatGRqtegHbuaAA68eFyOxc6S%2BCCbPSow9JbeTcDKmEGc3yIuwlMd%2FSgYUKQsTkq43vQq47WavEnDLP7HoVGBYcfQvPfTrS89sA2X1HKpwGvcpCXblBKmY93zxRsVmNBtDQITA41mkIPPL28wSj18rd9MzvtqjEhLEvR9WOsFHS%2FD4Fo1AObubUTOQbEnPNJK27S%2BOsd4%2F2EbTC2LsxHK8okF6MMoTSEDV%2FLhFXHUdjJ0YODEf7fidzFTup4AQaoSbRZALHp%2Bai82ZKPco%2FpVaUeSJQXH2P6aLFF%2BbAFd%2BDh5ltI2bYWw6dPG1xqmRsflTE%2B2tm6AiSnHY5RU4xSPxiyf3BRysN4KgR5H%2Fvr%2FaG%2BMXdxYJNqcDmpMpWBKLr%2BCVBHNByzMe%2BTR%2BxOwJaDE7bV3mJxHOFp0HiKAqZDvLDptf%2FWmOnRxw4LINeTj1wxcxuemFkMWOh8TTV%2FcgZ3J0PmblmMt1ZJO4dBEbkbHM3sv4xsihp1JpqCRusLf%2BRzFQwmfsIFPzSkjIovfzLs0OFC3MRXiNVoJ3wiw5trkbVtcQoDOMSr%2FZ091OVxRq7KY526ZHSOBKztgwALJD5t%2B3mU9h7YIkyELsGx5WBTwjyFTd3klnX4q88Ko7eycVLg9LoWF3g%2B7cThl2Ud7D7WfFjt8Zvuf1pe4XjHyZsefRWG9L5CO9NKaOH08CtVJbPYGyoChA%3D%3D&pdp_filters=item_id%3AMLB5857406886#polycard_client=search-desktop&is_advertising=true&searchVariation=MLB52937091&backend_model=search-backend&be_origin=backend&search_layout=grid&position=16&type=pad&tracking_id=9ff11d74-00ca-4b43-8637-7ab935cee77b&wid=MLB5857406886&sid=search,0,0,0,0
Smartphone Motorola Moto G15 - 256gb 12gb (4gb Ram+8gb Ram Boost) E Camera 50mp Com Ai E Night Vision Bateria De 5200 Mah Tela Fhd+ 6.7 Com Superbrilho Nfc - Grafite,1.499,1.499,https://www.mercadolivre.com.br/smartphone-motorola-moto-g15-256gb-12gb-4gb-ram8gb-ram-boost-e-camera-50mp-com-ai-e-night-vision-bateria-de-5200-mah-tela-fhd-67-com-superbrilho-nfc-grafite/p/MLB44665473#polycard_client=search-desktop&be_origin=backend&search_layout=grid&position=17&type=product&tracking_id=9ff11d74-00ca-4b43-8637-7ab935cee77b&wid=MLB5237338738&sid=search,0,0,0,0
"Celular Samsung Galaxy A17 Com Ia, 256gb, 8gb Ram, Câm De 50mp, Tela De 6.7 , Nfc, Ip54 - Cinza",1.799,1.799,https://www.mercadolivre.com.br/celular-samsung-galaxy-a17-com-ia-256gb-8gb-ram-cm-de-50mp-tela-de-67-nfc-ip54-cinza/p/MLB54984333#polycard_client=search-desktop&be_origin=backend&search_layout=grid&position=18&type=product&tracking_id=9ff11d74-00ca-4b43-8637-7ab935cee77b&wid=MLB4594905683&sid=search,0,0,0,0
"Smartphone Galaxy A07, 128gb, Tela 6.7 , Verde Verde",899,899,https://www.mercadolivre.com.br/smartphone-galaxy-a07-128gb-tela-67-verde-verde/p/MLB66446758#polycard_client=search-desktop&be_origin=backend&search_layout=grid&position=19&type=product&tracking_id=9ff11d74-00ca-4b43-8637-7ab935cee77b&wid=MLB6589053442&sid=search,0,0,0,0
Samsung Galaxy A06 5g Dual Sim 128gb preto,989,989,https://www.mercadolivre.com.br/samsung-galaxy-a06-5g-dual-sim-128gb-preto/p/MLB48946861#polycard_client=search-desktop&be_origin=backend&search_layout=grid&position=20&type=product&tracking_id=9ff11d74-00ca-4b43-8637-7ab935cee77b&wid=MLB6433836010&sid=search,0,0,0,0
Apple iPhone 16 (256 GB) - Branco - Distribuidor Autorizado,8.599,8.599,https://www.mercadolivre.com.br/apple-iphone-16-256-gb-branco-distribuidor-autorizado/p/MLB1040287811#polycard_client=search-desktop&be_origin=backend&search_layout=grid&position=21&type=product&tracking_id=9ff11d74-00ca-4b43-8637-7ab935cee77b&wid=MLB3931247749&sid=search,0,0,0,0
iPhone 17 256 GB - Azul-névoa - Distribuidor Autorizado,7.999,7.999,https://www.mercadolivre.com.br/iphone-17-256gb-azul-nevoa-distribuidor-autorizado/p/MLB1055308852#polycard_client=search-desktop&be_origin=backend&search_layout=grid&position=22&type=product&tracking_id=9ff11d74-00ca-4b43-8637-7ab935cee77b&wid=MLB6545211990&sid=search,0,0,0,0
Smartphone Motorola Moto G05 256gb 4gb Ram Camera 50mp Vermelho,1.199,1.199,https://www.mercadolivre.com.br/smartphone-motorola-moto-g05-256gb-4gb-ram-camera-50mp-vermelho/p/MLB58493174#polycard_client=search-desktop&be_origin=backend&search_layout=grid&position=23&type=product&tracking_id=9ff11d74-00ca-4b43-8637-7ab935cee77b&wid=MLB5774641722&sid=search,0,0,0,0
iPhone 16e (128 GB) - Preto - Distribuidor Autorizado,5.799,5.799,https://www.mercadolivre.com.br/iphone-16e-128-gb-preto-distribuidor-autorizado/p/MLB1046215784#polycard_client=search-desktop&be_origin=backend&search_layout=grid&position=24&type=product&tracking_id=9ff11d74-00ca-4b43-8637-7ab935cee77b&wid=MLB3986439067&sid=search,0,0,0,0
Apple iPhone 15 (128 GB) - Azul - Distribuidor Autorizado,7.209,7.209,https://click1.mercadolivre.com.br/mclics/clicks/external/MLB/count?a=AWLjRMFO8b5t14%2Fao32WVfamtndBh3C9ssGOEWL1vOiJl15xu6FWD1QUZxFt2wc6Vc5bjTigvCUVADbhXLMF1JT%2F7c1RgLlBI6bY3DHL8KOfd4ZmCF%2BFm4x2ivngqv%2FvSuohEALTst6%2BOzqKcKSHdRDwBhHrPum9%2BhAHHl4oBuOJFtpOUriEdO7NZRWMdOPtl%2FzjF6YqvnYs1eDagnEYBxNS7J9lklTgnNn4rGr52N3iEgz3Qz%2FX6st31J1uT4L1zD24QB%2FCWzmvEflDGLftg4DRwaNQqDbaTMh9t3N05B%2FOxi%2FkNwNXRzBLSxtM%2BrhOqwfbyG5JymUOcArhLD0cDHPozBL9A8Rxd42oLqODljeyWgX99TjCTrguv%2F9zcYw10qN1%2FUdKXCMDwgLur03ETmnPkku95DIY6Hivn%2B%2BXFzqzw6TrOPocDdn81yXepA9x2o0lQb2g0nRGnkqcle7Winxa6DII02RbvRrO%2BpkiYjJL1sQPMoySYOjuDcv6kb6R%2BfOyJAsLDuhU9g2D2WypeVL%2F05UdNR5tybF8%2B2O4Mkep5f4drZOAs7vZByqJWuTLzlbvMkubSzWzz3S3FkByL1OGO8%2F36h8zI90vgZdsMFa8xRzUDjKf%2FkD8fhSzofKJeAxVfUZx0PKER7w9QMNq3hgNdsnBGdFa6P1v3dI0%2FlqpsO2EgQvAhCleLKx4TSoYNwmiTtQ6zv4C0eL3aTzzkPVKoo3Yzksm4nXvaCFlkKqp5Jh41W1e4wMCkGG4FUguxzzzn7Ltsjj5asujz1jLttRuG9u8mnYwcKIJlpjM9xpILsCHlpHSPwvGQdYvcFZVA8XrcXZmjWPSanBOZvFziIaWDEIrlpHHzi8I6b25TmEox8MB39sZxJM6ZnPq2M0bHicebjjJCjvwZ2HUeThbtZG3XoyWgqZZzMKq8vAhvQqH1Tw56FMrl77i%2B6FodUba%2BxwPSE8bmUsCfe8s1piGGO80kcBh&pdp_filters=item_id%3AMLB4408547152#polycard_client=search-desktop&is_advertising=true&searchVariation=MLB1027172667&backend_model=search-backend&be_origin=backend&search_layout=grid&position=25&type=pad&tracking_id=9ff11d74-00ca-4b43-8637-7ab935cee77b&wid=MLB4408547152&sid=search,0,0,0,0
"Smartphone Philco Hit P10 Tela 6,2 128gb 4 Gb Ram Dourado",599,599,https://click1.mercadolivre.com.br/mclics/clicks/external/MLB/count?a=mQwngoDrSHFierFP3ZOWmrEaSarA%2BgYJXpXJBqCKJ6%2FATwgsJuFoOqGBQlvDnZyncejr4JPp31u5WmU4ySmcLoIuftNZVF2igZfAf3s23GVFJJ0Eo75fNLrAJ2VbKw0MR%2FTNT%2BUYRIMdrxM7ljnN%2FXCkygj152XMA3SdfXEh1I83ikk4TDJnKZabb3UnYFYDeIePtD1FJYYbUOkVoDSDl4Kn%2BpHclOFaKd1cDjmYb343qOwX3jgTqcPjnp0ooNiCeCRqbxQIKNLnT4tmn5C6K059miVrnVRlSB8aKLr5NSF3yklba4PIAt9Azg7U6pr5QrHql9NRuYfIiLFAkY18k6c2ISQjhNgwpOqy69nQJ7vk7jApXt1jhpwITdISHukOzlb6WtjN7DASLoY5XClrhLrPnFbYbwTjMWB7IKnvKCc0FbI%2FAi0QWRnQ6JaNVp1QygM3NsfUCct8sWOsI%2FoGntvJnRcNp1teqXZ5GMZwknrH4%2Fp%2BHj9HRtk0wC73IftRtYnNGOMdh8WFpmi2h%2FjvhdOT6zLJWlU6Rzf%2F4QGO5ImnRXhQvoMc79NDaWsC9mT1%2BrzPZQtzxUnBehatlqO8O7TzG2yE5DA%2FHZsUpu9CeIMBHYIVAXqSYyJk5KwrUfwP6SK2PV8pAePT%2BvR9NFNA1hc8vTaLRFJs%2FsV2k0R7Wlr%2FhEcbfLCjB7GYPhe7%2Few113eT3PAHTJmcGdHJ5yqkzjpd3sieU%2BWolOM90l4ObIm4UKx1mWdw6hB5o%2FDHfCTG99Dma8z3yoWKM7aFvR684D%2FVkx1m6mScxPl5oisPsVihbohQmz7gSJpijHpgLGWPKnOfCtOqey13LhC8LD4U0BAfCSY725EmeG9gI0YgCts4s%2BRMpZabulA1ZwjaGGVn7TT1qOZYnzlrM%2F2X03QDickYDMebRKwbncycBceJYhk6zwy7CuIc%2BF%2BVNdsBho3glqH%2F4wniEldI74c4eBospC2Y7A6MH74%3D&pdp_filters=item_id%3AMLB6191308664#polycard_client=search-desktop&is_advertising=true&searchVariation=MLB17471258&backend_model=search-backend&be_origin=backend&search_layout=grid&position=26&type=pad&tracking_id=9ff11d74-00ca-4b43-8637-7ab935cee77b&wid=MLB6191308664&sid=search,0,0,0,0
"Smartphone Motorola Moto g35 5G - 128GB 12GB (4GB RAM+8GB Ram Boost) e Camera 50MP com AI NFC Tela 6.7"" com Superbrilho - Verde - Vegan Leather",1.327,1.327,https://click1.mercadolivre.com.br/mclics/clicks/external/MLB/count?a=BY3MvU5%2B%2F8tM0aqJHCLFK2IdSp9N97zTUk0UJyeo9%2Fva3HxX24hoLobBDi%2FRDKsNyFAKrg2tAsLmM6EfyKnJtWGhIP2kiI8V5D9aOylh105og79A2F6YqxU0i4hSBFu%2F%2B1lgW2PFPL9AV%2FKdTnD7cQKQKda10TZMtWkMU%2FoiuDZpR7sxH%2BQdvT9mJVaFT1w4DXfWCn6lBA0VrLMYehVm4ziA2zYQZQ4sl%2FNdA%2Fmzkb1DgCY%2FFKJgIk%2Byv7%2B%2FosumDKNnx9VJLIyRRA%2BtU3rtNwbps75orne0%2FmU75SKLehfvwHb4XiLsRJB7XcfTj8IKS7qenAfNtNinMjM658Ec4WOXwjT9aafeNQzTrcdvaFioxL1DXvnhQGKPfwCmzkO4vDIcMWi6G0wbVQvmtOD3WPNCJdIehq%2F0fSxhWyx%2Fd0KdmParYKVJGtB3uarIdNyvwwG4RIco4kBE%2FZ2h4TOuXD46qtcmJa145Va%2FlSEXE3h%2Fhd%2BsPToaokrqhE1TrKhQ36GP7tY%2FAPKCesG3F3RWtIT4OyizLp2wqxganK2Q22YbP5jPbhxaDCYOR0CDezrIR3RnoQfZItHfljnN1lsU%2BGVwUgXjZvI4RjMcUJm4mgL93sUYuwqgyf1xL2NvIkOTpR7K3KXVsJVJOpGE9RwqMQs75z0nN723zSomihaYm2Ooa6O82J8YOwGJX%2BCPZS7B5HUNdyj%2FuTLlUtmiQkCK2mXidTLguJLYaFbjio56HxJP%2B5RJjDtXJV4Ox85jid565XfPp0Q7zkYJ3Ro3jCZcZx0prdM8Tn5cPUgftlgTeJQOo3kA1woLMqHg6bhhkLVZKOVOIuhd2a9aEu5bz0cV8URbB5o4%2BMLGcGc%2FLPtLJ22axCPJ36V%2B5LaYzZFBZ3y0HNXk62zDVbpOiDVaKz4angfPHeuHmTK%2B1aKB5QyMPocvohTMDhFleIWTSVX6spIP5ny6ogdmdZr3ZsAObGLo65h27iA6o6KxbdKMTsc5gp3lWEkLIEGFBup4ANaNVW5eMzbo498uHoq6gZE0K9xIoKV4iMhuYHJryRNcVXYgcK2K2%2BjNS48xzK8J4jqbG5M%3D&pdp_filters=item_id%3AMLB5409764772#polycard_client=search-desktop&is_advertising=true&searchVariation=MLB41541670&backend_model=search-backend&be_origin=backend&search_layout=grid&position=27&type=pad&tracking_id=9ff11d74-00ca-4b43-8637-7ab935cee77b&wid=MLB5409764772&sid=search,0,0,0,0
Smartphone OPPO A5 256GB 6GB RAM Branco,1.499,1.499,https://click1.mercadolivre.com.br/mclics/clicks/external/MLB/count?a=g2SXW96Ar2%2F4n5nrB6%2F2GXVd2SZgtVAYJg6jVup51I7LBh1WrGoSj6aqMs8KaSwopRMpXwpoiH9jqdBz6OW7CEpQFOqapldj1CrV%2B7lNg5cCjSRt4O1vM2FxGoWqGbwZ0mMVYd1xdkkPp4HBau9HwTfRLg90flbxsyHEfgPE52jpc3GUSIb46HorRw37Gu1UvvVXcWHZXUV5ZxhL1m0FdjItF5cMgzwTJDGeYn3ZzyGHSklZdi9o8MGijBk5IXcWthgey%2BMKB6UjyXtWnrHYfRFEEfodrPaGeQjv6rlnI2mwwd4%2FnHfmpAnRnZKM%2FZd9YpgT5M2cbtez%2FOBfK8vzUCEBrNafCSUvrYpGjhx6vV9b6%2FCh8snXxRXwJBi0vjvN64YDsLN0ixvDcwwZcFmqh6IXDDSS84oKDzMUwITR2D1aNfDZGQBsppSQeVDo0g%2FkqFKBcqTZq%2FGxtbifTaPxgRM1JfitDdii64tsVK9FzXFyF%2FEhKwr3P3jFjoMWTCSzsaqtzvb%2B83RfNx%2F5cnUToZwZ8%2FGErKMlnGJCyy72y0DUztMFhDb2jzJuEboijDmQWnnSUoKnxAo0P5aBi7UK1oPpk6E2W4GtnUEsqAvJiQhEWg%2B1oEFzUBfLL%2FkAR7PFIffg9QlpGahYLoYz6ERIktBUvqAXftYOaiL6E4UyrCssylRS7m2fH7BUfqPtm2FDH%2BKbjan16atb2VnwQBY51mddVuY32%2FVfx40GzVlypzL%2FSI7T22OvPBR9KnLh%2BJ1WZsL0%2B9RJ9WC0Lo0uoQmQ0%2B84qORyOcraAZZdaempcXiFR88cjDiSGDML796gmULKT0YuUKs%2BJFOfZJ89RQal8jmIBr447CYbRRLvYOiSkhS2LtF7THxxOlFdh05AmxuZKxy%2BO7GxjNfnDHl%2Bgzk2FklBtkzAP95bp1WKrHfNI15KrPg17DB3qVhc6sBF8Ngrl1xYWg%3D%3D&pdp_filters=item_id%3AMLB5745515116#polycard_client=search-desktop&is_advertising=true&searchVariation=MLB51680761&backend_model=search-backend&be_origin=backend&search_layout=grid&position=28&type=pad&tracking_id=9ff11d74-00ca-4b43-8637-7ab935cee77b&wid=MLB5745515116&sid=search,0,0,0,0
"Celular Samsung Galaxy S25 Fe 5g, 128gb, 8gb Ram, Câmera Tripla De 50+12+8, Tela Grande De 6.7 Azul Marinho",4.499,4.499,https://www.mercadolivre.com.br/celular-samsung-galaxy-s25-fe-5g-128gb-8gb-ram-cmera-tripla-de-50128-tela-grande-de-67-azul-marinho/p/MLB61655019#polycard_client=search-desktop&be_origin=backend&search_layout=grid&position=29&type=product&tracking_id=9ff11d74-00ca-4b43-8637-7ab935cee77b&wid=MLB4609150033&sid=search,0,0,0,0
Smartphone Motorola Moto G15 256gb 12gb 4GB RAM 8GB RAM Boost Camera 50mp Verde,1.499,1.499,https://www.mercadolivre.com.br/smartphone-motorola-moto-g15-256gb-12gb-4gb-ram-8gb-ram-boost-camera-50mp-verde/p/MLB44665542#polycard_client=search-desktop&be_origin=backend&search_layout=grid&position=30&type=product&tracking_id=9ff11d74-00ca-4b43-8637-7ab935cee77b&wid=MLB5237351728&sid=search,0,0,0,0
"Smartphone Motorola Moto G17 4g - 256gb 12gb (4gb Ram + 8gb Ram Boost) Camera 50mp Sony Lytia 600, Tela Fhd+ 60hz, Bateria 5200 Mah - Rosa",1.749,1.749,https://www.mercadolivre.com.br/smartphone-motorola-moto-g17-4g-256gb-12gb-4gb-ram-8gb-ram-boost-camera-50mp-sony-lytia-600-tela-fhd-60hz-bateria-5200-mah-rosa/p/MLB65041664#polycard_client=search-desktop&be_origin=backend&search_layout=grid&position=31&type=product&tracking_id=9ff11d74-00ca-4b43-8637-7ab935cee77b&wid=MLB4510840013&sid=search,0,0,0,0
Apple iPhone 16 (128 GB) - Ultramarine - Distribuidor Autorizado,7.799,7.799,https://www.mercadolivre.com.br/apple-iphone-16-128-gb-ultramarine-distribuidor-autorizado/p/MLB1040287800#polycard_client=search-desktop&be_origin=backend&search_layout=grid&position=32&type=product&tracking_id=9ff11d74-00ca-4b43-8637-7ab935cee77b&wid=MLB5120559422&sid=search,0,0,0,0
"Smartphone OPPO A6t 128gb, 12gb Ram (4gb + 8gb Virtual Ram), Bateria Gigante de 6500mAh, Processador Snapdragon, Tela 120Hz, AI Câmera, IP64 - Violeta",1.299,1.299,https://www.mercadolivre.com.br/smartphone-oppo-a6t-128gb-12gb-ram-4gb-8gb-virtual-ram-bateria-gigante-de-6500mah-processador-snapdragon-tela-120hz-ai-cmera-ip64-violeta/p/MLB66130734#polycard_client=search-desktop&be_origin=backend&search_layout=grid&position=33&type=product&tracking_id=9ff11d74-00ca-4b43-8637-7ab935cee77b&wid=MLB4573343865&sid=search,0,0,0,0
"Celular Samsung Galaxy A26 5g 256gb, 8gb Ram, Câmera De 50mp, Ip67, Tela Super Amoled 6.7 , Nfc - Preto",2.167,2.167,https://www.mercadolivre.com.br/celular-samsung-galaxy-a26-5g-256gb-8gb-ram-cmera-de-50mp-ip67-tela-super-amoled-67-nfc-preto/p/MLB47424244#polycard_client=search-desktop&be_origin=backend&search_layout=grid&position=34&type=product&tracking_id=9ff11d74-00ca-4b43-8637-7ab935cee77b&wid=MLB5474927460&sid=search,0,0,0,0
Celular Smartphone Realme C73 128gb 4gb Ram Dual Sim 120hz 6000mAh Verde,1.299,1.299,https://www.mercadolivre.com.br/celular-smartphone-realme-c73-128gb-4gb-ram-dual-sim-120hz-6000mah-verde/p/MLB62148588#polycard_client=search-desktop&be_origin=backend&search_layout=grid&position=35&type=product&tracking_id=9ff11d74-00ca-4b43-8637-7ab935cee77b&wid=MLB4371126535&sid=search,0,0,0,0
"Smartphone Infinix Note 50X 5G 8GB Ram 256GB Tela 6,78 HD+ 120HZ Câmera 50MP + Selfie 8MP Bateria 5200mAh NFC DTS Áudio - Verde",1.998,1.998,https://www.mercadolivre.com.br/smartphone-infinix-note-50x-5g-8gb-ram-256gb-tela-678-hd-120hz-cmera-50mp-selfie-8mp-bateria-5200mah-nfc-dts-audio-verde/p/MLB61656784#polycard_client=search-desktop&be_origin=backend&search_layout=grid&position=36&type=product&tracking_id=9ff11d74-00ca-4b43-8637-7ab935cee77b&wid=MLB6517744974&sid=search,0,0,0,0
Apple iPhone 15 (128 GB) - Azul - Distribuidor Autorizado,7.209,7.209,https://www.mercadolivre.com.br/apple-iphone-15-128-gb-azul-distribuidor-autorizado/p/MLB1027172667#polycard_client=search-desktop&be_origin=backend&search_layout=grid&position=37&type=product&tracking_id=9ff11d74-00ca-4b43-8637-7ab935cee77b&wid=MLB4408547152&sid=search,0,0,0,0
Apple iPhone 15 (256 GB) - Azul - Distribuidor Autorizado,8.095,8.095,https://www.mercadolivre.com.br/apple-iphone-15-256-gb-azul-distribuidor-autorizado/p/MLB1027172673#polycard_client=search-desktop&be_origin=backend&search_layout=grid&position=38&type=product&tracking_id=9ff11d74-00ca-4b43-8637-7ab935cee77b&wid=MLB4509857198&sid=search,0,0,0,0
Smartphone Motorola Edge 60 Neo 5G - 256GB 24GB (12GB RAM + 12GB Ram Boost) 50MP Sony Camera Moto AI e tela 1.5K Super HD - Latte,3.799,3.799,https://www.mercadolivre.com.br/smartphone-motorola-edge-60-neo-5g-256gb-24gb-12gb-ram-12gb-ram-boost-50mp-sony-camera-moto-ai-e-tela-15k-super-hd-latte/p/MLB58684606#polycard_client=search-desktop&be_origin=backend&search_layout=grid&position=39&type=product&tracking_id=9ff11d74-00ca-4b43-8637-7ab935cee77b&wid=MLB4265763257&sid=search,0,0,0,0
Apple iPhone 15 (512 GB) - Preto - Distribuidor Autorizado,9.759,9.759,https://www.mercadolivre.com.br/apple-iphone-15-512-gb-preto-distribuidor-autorizado/p/MLB1027172666#polycard_client=search-desktop&be_origin=backend&search_layout=grid&position=40&type=product&tracking_id=9ff11d74-00ca-4b43-8637-7ab935cee77b&wid=MLB3583817811&sid=search,0,0,0,0
iPhone 16e (256 Gb) - Preto - Distribuidor Autorizado,6.599,6.599,https://www.mercadolivre.com.br/iphone-16e-256-gb-preto-distribuidor-autorizado/p/MLB1046216986#polycard_client=search-desktop&be_origin=backend&search_layout=grid&position=41&type=product&tracking_id=9ff11d74-00ca-4b43-8637-7ab935cee77b&wid=MLB5299108722&sid=search,0,0,0,0
Smartphone OPPO A5 256GB 6GB RAM Branco,1.499,1.499,https://www.mercadolivre.com.br/smartphone-oppo-a5-256gb-6gb-ram-branco/p/MLB51680761#polycard_client=search-desktop&be_origin=backend&search_layout=grid&position=42&type=product&tracking_id=9ff11d74-00ca-4b43-8637-7ab935cee77b&wid=MLB5745515116&sid=search,0,0,0,0
Celular Smartphone Realme C73 256gb 8gb Ram Dual Sim 120hz 6000mAh Violeta,1.999,1.999,https://www.mercadolivre.com.br/celular-smartphone-realme-c73-256gb-8gb-ram-dual-sim-120hz-6000mah-violeta/p/MLB62258511#polycard_client=search-desktop&be_origin=backend&search_layout=grid&position=43&type=product&tracking_id=9ff11d74-00ca-4b43-8637-7ab935cee77b&wid=MLB4334411855&sid=search,0,0,0,0
"Smartphone Motorola Moto g35 5G - 128GB 12GB (4GB RAM+8GB Ram Boost) e Camera 50MP com AI NFC Tela 6.7"" com Superbrilho - Verde - Vegan Leather",1.327,1.327,https://www.mercadolivre.com.br/smartphone-motorola-moto-g35-5g-128gb-12gb-4gb-ram8gb-ram-boost-e-camera-50mp-com-ai-nfc-tela-67-com-superbrilho-verde-vegan-leather/p/MLB41541670#polycard_client=search-desktop&be_origin=backend&search_layout=grid&position=44&type=product&tracking_id=9ff11d74-00ca-4b43-8637-7ab935cee77b&wid=MLB5409764772&sid=search,0,0,0,0
Smartphone Huawei Pura 80 Pro 12gb+512gb Sofisticado E Poderoso Câmera Ultra-iluminação Design Premium Tela Oled Branco,9.999,9.999,https://www.mercadolivre.com.br/smartphone-huawei-pura-80-pro-12gb512gb-sofisticado-e-poderoso-cmera-ultra-iluminaco-design-premium-tela-oled-branco/p/MLB58089727#polycard_client=search-desktop&be_origin=backend&search_layout=grid&position=45&type=product&tracking_id=9ff11d74-00ca-4b43-8637-7ab935cee77b&wid=MLB4599997239&sid=search,0,0,0,0
Kit Samsung: Celular Galaxy A17 256gb 8gb Ram 50mp 6.7 Nfc Ip54 Preto + Galaxy Buds Core Branco,1.695,1.695,https://www.mercadolivre.com.br/kit-samsung-celular-galaxy-a17-256gb-8gb-ram-50mp-67-nfc-ip54-preto--galaxy-buds-core-branco/up/MLBU3605578150#polycard_client=search-desktop&be_origin=backend&search_layout=grid&position=46&type=product&tracking_id=9ff11d74-00ca-4b43-8637-7ab935cee77b&wid=MLB5957929002&sid=search,0,0,0,0
iPhone 17 Pro Max 1TB - Laranja-cósmico - Distribuidor Autorizado,15.499,15.499,https://www.mercadolivre.com.br/iphone-17-pro-max-1tb-laranja-cosmico-distribuidor-autorizado/p/MLB1055308703#polycard_client=search-desktop&be_origin=backend&search_layout=grid&position=47&type=product&tracking_id=9ff11d74-00ca-4b43-8637-7ab935cee77b&wid=MLB4200164843&sid=search,0,0,0,0
iPhone 17 Pro 512GB - Azul-profundo - Distribuidor Autorizado,12.999,12.999,https://www.mercadolivre.com.br/iphone-17-pro-512gb-azul-profundo-distribuidor-autorizado/p/MLB1055308802#polycard_client=search-desktop&be_origin=backend&search_layout=grid&position=48&type=product&tracking_id=9ff11d74-00ca-4b43-8637-7ab935cee77b&wid=MLB4200188179&sid=search,0,0,0,0
Apple iPhone XR (64 GB) - Preto - Bom (Recondicionado),1.289,1.289,https://www.mercadolivre.com.br/apple-iphone-xr-64-gb-preto-bom-recondicionado/p/MLB2000133222#polycard_client=search-desktop&be_origin=backend&search_layout=grid&position=49&type=product&tracking_id=9ff11d74-00ca-4b43-8637-7ab935cee77b&wid=MLB5491331202&sid=search,0,0,0,0
Smartphone OPPO Reno 14F 256GB 12GB RAM 5G IP69 Azul,3.699,3.699,https://www.mercadolivre.com.br/smartphone-oppo-reno-14f-256gb-12gb-ram-5g-ip69-azul/p/MLB58367208#polycard_client=search-desktop&be_origin=backend&search_layout=grid&position=50&type=product&tracking_id=9ff11d74-00ca-4b43-8637-7ab935cee77b&wid=MLB5754914276&sid=search,0,0,0,0
iPhone 17e 256GB Branco - Distribuidor Autorizado,5.799,5.799,https://www.mercadolivre.com.br/iphone-17e-256gb-branco-distribuidor-autorizado/p/MLB1066130045#polycard_client=search-desktop&be_origin=backend&search_layout=grid&position=51&type=product&tracking_id=9ff11d74-00ca-4b43-8637-7ab935cee77b&wid=MLB6404712508&sid=search,0,0,0,0
"Smartphone Jovi Y29 256gb, 8+8gb Ram Turbo, Câmera 50mp, Snapdragon 685, Bateria 6500mah, Carregamento 44w - Marrom",1.876,1.876,https://www.mercadolivre.com.br/smartphone-jovi-y29-256gb-88gb-ram-turbo-cmera-50mp-snapdragon-685-bateria-6500mah-carregamento-44w-marrom/p/MLB52108988#polycard_client=search-desktop&be_origin=backend&search_layout=grid&position=52&type=product&tracking_id=9ff11d74-00ca-4b43-8637-7ab935cee77b&wid=MLB4445113203&sid=search,0,0,0,0
Smartphone Realme 13+ 5g Dual Sim 512Gb Dourado 12 Gb Ram Nfc,2.999,2.999,https://www.mercadolivre.com.br/smartphone-realme-13-5g-dual-sim-512gb-dourado-12-gb-ram-nfc/p/MLB43099330#polycard_client=search-desktop&be_origin=backend&search_layout=grid&position=53&type=product&tracking_id=9ff11d74-00ca-4b43-8637-7ab935cee77b&wid=MLB4181488197&sid=search,0,0,0,0
"Tcl Smartphone 60 Se 4g, Octa Core, 512gb 18gb Ram (8+10), 6.7 Hd+ 90hz, Nfc, Dual Sim, 50mp",1.349,1.349,https://www.mercadolivre.com.br/tcl-smartphone-60-se-4g-octa-core-512gb-18gb-ram-810-67-hd-90hz-nfc-dual-sim-50mp/p/MLB53171876#polycard_client=search-desktop&be_origin=backend&search_layout=grid&position=54&type=product&tracking_id=9ff11d74-00ca-4b43-8637-7ab935cee77b&wid=MLB5575167724&sid=search,0,0,0,0
"Smartphone Oppo A6t 5G 128gb, 12gb Ram (4gb + 8gb Virtual Ram), Bateria gigante de 6500 mAh, AI Câmera 50MP, Tela 120Hz, NFC, IP64 - Violeta",1.499,1.499,https://www.mercadolivre.com.br/smartphone-oppo-a6t-5g-128gb-12gb-ram-4gb-8gb-virtual-ram-bateria-gigante-de-6500-mah-ai-cmera-50mp-tela-120hz-nfc-ip64-violeta/p/MLB66170956#polycard_client=search-desktop&be_origin=backend&search_layout=grid&position=55&type=product&tracking_id=9ff11d74-00ca-4b43-8637-7ab935cee77b&wid=MLB6477745106&sid=search,0,0,0,0
iPhone 17 Pro Max 512GB - Prateado - Distribuidor Autorizado,13.999,13.999,https://www.mercadolivre.com.br/iphone-17-pro-max-512gb-prateado-distribuidor-autorizado/p/MLB1055308649#polycard_client=search-desktop&be_origin=backend&search_layout=grid&position=56&type=product&tracking_id=9ff11d74-00ca-4b43-8637-7ab935cee77b&wid=MLB5687348374&sid=search,0,0,0,0
"Tcl Smartphone 605 4g, Octa Core, 128gb 12gb Ram (4+8), 6.7 Hd+ 90hz, Nfc, Dual Sim, 50mp",763,,https://www.mercadolivre.com.br/tcl-smartphone-605-4g-octa-core-128gb-12gb-ram-48-67-hd-90hz-nfc-dual-sim-50mp/p/MLB53155051#polycard_client=search-desktop&be_origin=backend&search_layout=grid&position=57&type=product&tracking_id=9ff11d74-00ca-4b43-8637-7ab935cee77b&wid=MLB6161225994&sid=search,0,0,0,0
"Smartphone Oppo A6t 5G 128gb, 12gb Ram (4gb + 8gb Virtual Ram), Bateria gigante de 6500 mAh, AI Câmera 50MP, Tela 120Hz, NFC, IP64 - Azul Cristal",1.499,1.499,https://www.mercadolivre.com.br/smartphone-oppo-a6t-5g-128gb-12gb-ram-4gb-8gb-virtual-ram-bateria-gigante-de-6500-mah-ai-cmera-50mp-tela-120hz-nfc-ip64-azul-cristal/p/MLB66170708#polycard_client=search-desktop&be_origin=backend&search_layout=grid&position=58&type=product&tracking_id=9ff11d74-00ca-4b43-8637-7ab935cee77b&wid=MLB4542896497&sid=search,0,0,0,0
iPhone 17 512 GB - Branco - Distribuidor Autorizado,8.499,8.499,https://www.mercadolivre.com.br/iphone-17-512gb-branco-distribuidor-autorizado/p/MLB1055309039#polycard_client=search-desktop&be_origin=backend&search_layout=grid&position=59&type=product&tracking_id=9ff11d74-00ca-4b43-8637-7ab935cee77b&wid=MLB6543943108&sid=search,0,0,0,0
"Smartphone Infinix Smart 10 4GB RAM 256GB SSD Câmera 8MP + IA, Tela 6.67 HD+ 120Hz, Bateria 5000mAh, Processador T7250, Android 15 Go, Dual Chip - Preto",1.458,1.458,https://www.mercadolivre.com.br/smartphone-infinix-smart-10-4gb-ram-256gb-ssd-cmera-8mp-ia-tela-667-hd-120hz-bateria-5000mah-processador-t7250-android-15-go-dual-chip-preto/p/MLB56327005#polycard_client=search-desktop&be_origin=backend&search_layout=grid&position=60&type=product&tracking_id=9ff11d74-00ca-4b43-8637-7ab935cee77b&wid=MLB5751262142&sid=search,0,0,0,0
